{
	"pattrstorage" : 	{
		"name" : "adsr[1]",
		"slots" : 		{
			"1" : 			{
				"id" : 1,
				"data" : 				{
					"env1" : [ 250.0, 0.0, 1.0, 0.0, -0.000000346102221, 0, 30.850993977351465, 1.000000857859379, 0, 215.36365727131863, 1.000000857859379, 0, 249.999999999998266, 0.101293325388982, 0, "linear" ],
					"env1[1]" : [ 250.0, 0.0, 1.0, 0.0, -0.000000346102221, 0, 14.63319428942417, 1.000000857859379, 0, 114.211457019502305, 0.884799470038877, 0, 249.999999999998266, -0.000000346102221, 0, "linear" ],
					"env2" : [ 250.0, 0.0, 1.0, 0.0, -0.000000346102221, 0, 32.133307646621333, 1.000000857859379, 0, 134.640342809937238, 0.472427814959983, 0, 202.002108774400398, 0.431190649452095, 0, 249.999999999998266, -0.000000346102221, 0, "linear" ],
					"env3" : [ 250.0, 0.0, 1.0, 0.0, -0.000000346102221, 0, 59.49959497560144, 1.000000857859379, 0, 153.220312839204183, 0.389953483944205, 0, 214.72453393719303, 0.761087973515209, 0, 249.999999999998266, -0.000000346102221, 0, "linear" ],
					"env4" : [ 250.0, 0.0, 1.0, 0.0, -0.000000346102221, 0, 18.054148690266899, 1.000000857859379, 0, 108.846094120632856, 1.000000857859379, 0, 152.77768061919565, 0.472427814959983, 0, 249.999999999998266, -0.000000346102221, 0, "linear" ],
					"env5" : [ 250.0, 0.0, 1.0, 0.0, -0.000000346102221, 0, 25.052011690356533, 1.000000857859379, 0, 200.778357684610341, 1.000000857859379, 0, 249.999999999998266, -0.000000346102221, 0, "linear" ],
					"env6" : [ 250.0, 0.0, 1.0, 0.0, -0.000000346102221, 0, 14.867434447461875, 1.000000857859379, 0, 193.522552874954272, -0.000000346102221, 0, 208.166415041142983, 0.719850808007319, 0, 249.999999999998266, -0.000000346102221, 0, "linear" ],
					"env7" : [ 250.0, 0.0, 1.0, 0.0, -0.000000346102221, 0, 178.09172143990375, 1.000000857859379, 0, 233.738397671416664, 0.802325139023099, 0, 249.999999999998266, -0.000000346102221, 0, "linear" ],
					"env8" : [ 250.0, 0.0, 1.0, 0.0, -0.000000346102221, 0, 30.850993977351465, 1.000000857859379, 0, 215.36365727131863, 1.000000857859379, 0, 249.999999999998266, 0.101293325388982, 0, "linear" ]
				}

			}
,
			"2" : 			{
				"id" : 2,
				"data" : 				{
					"env1" : [ 250.0, 0.0, 1.0, 0.0, -0.000000346102221, 0, 35.978929318010863, 0.997306574185689, 0, 115.766163360564065, 1.0, 0, 250.0, 0.0, 0, "linear" ],
					"env1[1]" : [ 250.0, 0.0, 1.0, 0.0, -0.000000346102221, 0, 58.58519102664583, 1.0, 0, 212.840510175582011, 0.597306574185689, 0, 249.999999999998266, -0.000000346102221, 0, "linear" ],
					"env2" : [ 250.0, 0.0, 1.0, 0.0, -0.000000346102221, 0, 73.491195414927475, 1.0, 0, 146.629493287267906, 0.743973240852356, 0, 211.789067755353017, 0.957306574185689, 0, 249.999999999998266, -0.000000346102221, 0, "linear" ],
					"env3" : [ 250.0, 0.0, 1.0, 0.0, -0.000000346102221, 0, 38.762118271055435, 0.983973240852356, 0, 126.528075717863956, 0.717306574185689, 0, 219.613182100842664, 0.477306574185689, 0, 249.999999999998266, -0.000000346102221, 0, "linear" ],
					"env4" : [ 250.0, 0.0, 1.0, 0.0, -0.000000346102221, 0, 59.420225468086493, 1.0, 0, 108.846094120632856, 1.000000857859379, 0, 152.77768061919565, 0.743973240852356, 0, 191.069161638299278, 0.903973240852356, 0, 249.999999999998266, -0.000000346102221, 0, "linear" ],
					"env5" : [ 250.0, 0.0, 1.0, 0.0, -0.000000346102221, 0, 50.390059643602179, 1.0, 0, 164.751761771261755, 0.690639907519023, 0, 249.999999999998266, -0.000000346102221, 0, "linear" ],
					"env6" : [ 250.0, 0.0, 1.0, 0.0, -0.000000346102221, 0, 47.575876116751417, 1.0, 0, 164.597152712496097, 0.458832680384318, 0, 219.118429308240792, 0.725499347050985, 0, 249.999999999998266, -0.000000346102221, 0, "linear" ],
					"env7" : [ 250.0, 0.0, 1.0, 0.0, -0.000000346102221, 0, 54.750559653372264, 1.0, 0, 153.154814972521223, 0.863973240852356, 0, 249.999999999998266, -0.000000346102221, 0, "linear" ],
					"env8" : [ 250.0, 0.0, 1.0, 0.0, -0.000000346102221, 0, 35.978929318010863, 0.997306574185689, 0, 115.766163360564065, 1.0, 0, 250.0, 0.0, 0, "linear" ]
				}

			}
,
			"3" : 			{
				"id" : 3,
				"data" : 				{
					"env1" : [ 250.0, 0.0, 1.0, 0.0, -0.000000346102221, 0, 113.106588892478968, 1.0, 0, 162.308716552053426, 1.0, 0, 250.0, 0.0, 0, "linear" ],
					"env1[1]" : [ 250.0, 0.0, 1.0, 0.0, -0.000000346102221, 0, 101.138382516007539, 1.0, 0, 204.861786771326678, 0.850639907519023, 0, 249.999999999998266, -0.000000346102221, 0, "linear" ],
					"env2" : [ 250.0, 0.0, 1.0, 0.0, -0.000000346102221, 0, 40.246514563863641, 1.0, 0, 106.735876265991308, 0.677306574185689, 0, 178.544386904289183, 1.0, 0, 249.999999999998266, -0.000000346102221, 0, "linear" ],
					"env3" : [ 250.0, 0.0, 1.0, 0.0, -0.000000346102221, 0, 20.145096994459688, 1.0, 0, 94.613182100842678, 1.0, 0, 179.719565079566081, 0.610639907519023, 0, 249.999999999998266, -0.000000346102221, 0, "linear" ],
					"env4" : [ 250.0, 0.0, 1.0, 0.0, -0.000000346102221, 0, 38.143629723405645, 1.0, 0, 91.335119085107777, 0.690639907519023, 0, 147.186182914895028, 1.0, 0, 218.994693553192889, 0.743973240852356, 0, 249.999999999998266, -0.000000346102221, 0, "linear" ],
					"env5" : [ 250.0, 0.0, 1.0, 0.0, -0.000000346102221, 0, 22.464527728708561, 1.0, 0, 132.836868154240477, 1.0, 0, 249.999999999998266, -0.000000346102221, 0, "linear" ],
					"env6" : [ 250.0, 0.0, 1.0, 0.0, -0.000000346102221, 0, 79.490769733772694, 1.0, 0, 165.926939946538653, 0.725499347050985, 0, 221.778003776325903, 1.0, 0, 249.999999999998266, -0.000000346102221, 0, "linear" ],
					"env7" : [ 250.0, 0.0, 1.0, 0.0, -0.000000346102221, 0, 29.484602206563753, 1.0, 0, 94.644176674648875, 1.0, 0, 249.999999999998266, -0.000000346102221, 0, "linear" ],
					"env8" : [ 250.0, 0.0, 1.0, 0.0, -0.000000346102221, 0, 113.106588892478968, 1.0, 0, 162.308716552053426, 1.0, 0, 250.0, 0.0, 0, "linear" ]
				}

			}
,
			"4" : 			{
				"id" : 4,
				"data" : 				{
					"env1" : [ 250.0, 0.0, 1.0, 0.0, -0.000000346102221, 0, 58.585312296734273, 1.0, 0, 207.521482509500231, 0.717306574185689, 0, 250.0, 0.0, 0, "linear" ],
					"env1[1]" : [ 250.0, 0.0, 1.0, 0.0, -0.000000346102221, 0, 18.691574005369237, 1.0, 0, 117.095829324518178, 1.0, 0, 249.999999999998266, -0.000000346102221, 0, "linear" ],
					"env2" : [ 250.0, 0.0, 1.0, 0.0, -0.000000346102221, 0, 26.94864222343811, 1.0, 0, 109.39545073407642, 0.810639907519023, 0, 138.6507698830126, 1.0, 0, 249.999999999998266, -0.000000346102221, 0, "linear" ],
					"env3" : [ 250.0, 0.0, 1.0, 0.0, -0.000000346102221, 0, 46.740841675310755, 1.0, 0, 130.517437419991609, 0.597306574185689, 0, 200.996160824246942, 0.970639907519023, 0, 249.999999999998266, -0.000000346102221, 0, "linear" ],
					"env4" : [ 250.0, 0.0, 1.0, 0.0, -0.000000346102221, 0, 27.505331851065218, 1.0, 0, 127.239374404256722, 0.557306574185689, 0, 184.4202254680865, 1.0, 0, 217.664906319150333, 1.0, 0, 249.999999999998266, -0.000000346102221, 0, "linear" ],
					"env5" : [ 250.0, 0.0, 1.0, 0.0, -0.000000346102221, 0, 58.368783047857498, 1.0, 0, 182.03899581381495, 0.703973240852356, 0, 249.999999999998266, -0.000000346102221, 0, "linear" ],
					"env6" : [ 250.0, 0.0, 1.0, 0.0, -0.000000346102221, 0, 51.565237818879076, 1.0, 0, 115.395025052921639, 1.0, 0, 209.809918669942903, 0.525499347050985, 0, 249.999999999998266, -0.000000346102221, 0, "linear" ],
					"env7" : [ 250.0, 0.0, 1.0, 0.0, -0.000000346102221, 0, 61.399495823585035, 1.0, 0, 209.005878802308445, 0.677306574185689, 0, 249.999999999998266, -0.000000346102221, 0, "linear" ],
					"env8" : [ 250.0, 0.0, 1.0, 0.0, -0.000000346102221, 0, 58.585312296734273, 1.0, 0, 207.521482509500231, 0.717306574185689, 0, 250.0, 0.0, 0, "linear" ]
				}

			}
,
			"5" : 			{
				"id" : 5,
				"data" : 				{
					"env1" : [ 250.0, 0.0, 1.0, 0.0, -0.000000346102221, 0, 39.968291020138523, 1.0, 0, 123.744886764819384, 0.357306574185689, 0, 250.0, 0.0, 0, "linear" ],